ID;Catégorie;Commande;Préconditions;Input;Étapes;Résultat attendu;Réponse IRC attendue;Priorité;Pass/Fail;Notes
TC001;Connexion;SERVER;Serveur lancé;./ircserv 6667 password;Démarrer le serveur avec port valide et mot de passe;Serveur démarre et écoute sur le port;Aucune erreur;P0;;
TC002;Connexion;SERVER;Serveur lancé;./ircserv 0 password;Démarrer avec port 0;Refus du port invalide ou comportement conforme au sujet;Erreur argument/port invalide;P1;;
TC003;Connexion;SERVER;Serveur lancé;./ircserv 65535 password;Démarrer avec port maximum valide;Serveur démarre;Aucune erreur;P1;;
TC004;Connexion;SERVER;Serveur lancé;./ircserv 65536 password;Démarrer avec port hors plage;Serveur refuse le lancement;Erreur de port;P1;;
TC005;Connexion;SERVER;Serveur lancé;./ircserv abc password;Démarrer avec port non numérique;Serveur refuse le lancement;Erreur argument;P0;;
TC006;Connexion;SERVER;Serveur lancé;./ircserv 6667;Démarrer sans mot de passe;Serveur refuse le lancement;Erreur argument;P0;;
TC007;Connexion;TCP;Serveur lancé;connexion localhost:6667;Se connecter avec netcat/telnet;Connexion acceptée;Aucune erreur réseau;P0;;
TC008;Connexion;TCP;Serveur lancé;connexion mauvais port;Tenter une connexion sur un port fermé;Connexion refusée;Erreur réseau;P1;;
TC009;Connexion;PASS;Client connecté;PASS password\r\n;Envoyer le bon mot de passe;Client accepté pour l'authentification;Pas de 464;P0;;
TC010;Connexion;PASS;Client connecté;PASS wrong\r\n;Envoyer un mauvais mot de passe;Mot de passe refusé;464 ERR_PASSWDMISMATCH;P0;;
TC011;Connexion;PASS;Client connecté;PASS\r\n;Envoyer PASS sans paramètre;Commande rejetée;461 ERR_NEEDMOREPARAMS;P0;;
TC012;Connexion;PASS;Client connecté;PASS password extra\r\n;Envoyer plusieurs paramètres;Comportement conforme au protocole/subject;Erreur ou traitement du premier paramètre selon implémentation;P1;;
TC013;Connexion;PASS;Client connecté;pass password\r\n;Envoyer commande en minuscules;Commande reconnue, IRC est généralement insensible à la casse;Accepté;P1;;
TC014;Connexion;PASS;Client connecté;PaSs password\r\n;Tester casse mixte;Commande reconnue;Accepté;P1;;
TC015;Connexion;PASS;Client connecté;PASS    password\r\n;Plusieurs espaces entre commande et argument;Parsing correct;Accepté;P0;;
TC016;Connexion;PASS;Client connecté;PASS\tpassword\r\n;Utiliser tabulation comme séparateur;Comportement conforme au parser attendu;Selon implémentation IRC;P2;;
TC017;Connexion;PASS;Client connecté;PASS password\r\nPASS password\r\n;Envoyer PASS deux fois;Pas de crash, état cohérent;Erreur appropriée ou seconde commande ignorée;P1;;
TC018;Connexion;PASS;Client connecté;PASS :password\r\n;PASS avec trailing parameter;Parsing correct;Accepté si conforme RFC;P1;;
TC019;Connexion;PASS;Client connecté;PASS \r\n;PASS avec argument vide;Commande rejetée;461 ERR_NEEDMOREPARAMS;P0;;
TC020;Connexion;PASS;Client connecté;PASS password\r\n\r\n;Commande suivie d'une ligne vide;Pas de crash;Aucune réponse ou erreur appropriée;P1;;
TC021;Connexion;PASS;Client connecté;PASS password\n;LF seul;Serveur ne doit pas parser incorrectement ou planter;Selon contraintes du sujet;P2;;
TC022;Connexion;PASS;Client connecté;PASS password\r;CR seul;Pas de crash;Selon parser;P2;;
TC023;Connexion;PASS;Client connecté;PASS password\r\nNICK bob\r\n;Deux commandes dans un même paquet;Les deux commandes sont traitées;PASS puis NICK;P0;;
TC024;Connexion;PASS;Client connecté;PA + SS password\r\n;Commande TCP fragmentée;Le serveur doit attendre la fin de ligne;PASS traité correctement;P0;;
TC025;Connexion;PASS;Client connecté;PASS pass + word\r\n;Fragmenter au milieu d'un paramètre;Parser correctement après réception complète;PASS traité;P0;;
TC026;Connexion;NICK;PASS accepté;NICK bob\r\n;Choisir nickname valide;Nickname accepté;Pas de 431/433;P0;;
TC027;Connexion;NICK;PASS accepté;NICK\r\n;NICK sans argument;Commande rejetée;431 ERR_NONICKNAMEGIVEN ou 461;P0;;
TC028;Connexion;NICK;PASS accepté;NICK bob extra\r\n;NICK avec argument supplémentaire;Parsing conforme;Erreur ou premier argument selon protocole;P1;;
TC029;Connexion;NICK;PASS accepté;NICK :bob\r\n;Trailing nickname;Parsing conforme;Selon protocole;P2;;
TC030;Connexion;NICK;PASS accepté;NICK bob\r\nNICK alice\r\n;Changer immédiatement de nickname;Nickname final alice;Broadcast/confirmation approprié;P0;;
TC031;Connexion;NICK;PASS accepté;NICK bob\r\nNICK bob\r\n;Réutiliser son propre nickname;Pas de corruption d'état;433 possible selon implémentation;P1;;
TC032;Connexion;NICK;Deux clients connectés;Client A=NICK bob / Client B=NICK bob;Deux clients utilisent le même nick;Deuxième nickname refusé;433 ERR_NICKNAMEINUSE;P0;;
TC033;Connexion;NICK;PASS accepté;NICK bob123\r\n;Nick avec chiffres;Accepté si caractères autorisés;OK;P1;;
TC034;Connexion;NICK;PASS accepté;NICK _bob\r\n;Nick avec underscore;Accepté si règles du sujet;OK;P1;;
TC035;Connexion;NICK;PASS accepté;NICK bob-test\r\n;Nick avec tiret;Selon règles de nickname;OK ou erreur;P1;;
TC036;Connexion;NICK;PASS accepté;NICK bob!@#\r\n;Caractères invalides;Nickname refusé;432 ERR_ERRONEUSNICKNAME;P0;;
TC037;Connexion;NICK;PASS accepté;NICK bob bob\r\n;Espaces dans nickname;Nickname mal formé/refusé;Erreur appropriée;P1;;
TC038;Connexion;NICK;PASS accepté;NICK \r\n;Nickname vide;Refusé;431 ERR_NONICKNAMEGIVEN;P0;;
TC039;Connexion;NICK;PASS accepté;NICK aaaaaaaaaaaaaaaaaaaaaaaaaaaaaaaaaaaaaaaaaaaaaaaaaaaa\r\n;Nickname très long;Refusé ou tronqué selon limite;432/431 approprié;P1;;
TC040;Connexion;USER;PASS accepté;USER bob 0 * :Bob\r\n;USER valide;Utilisateur enregistré;Pas d'erreur;P0;;
TC041;Connexion;USER;PASS accepté;USER bob\r\n;USER incomplet;Commande rejetée;461 ERR_NEEDMOREPARAMS;P0;;
TC042;Connexion;USER;PASS accepté;USER bob 0 *\r\n;Trailing parameter absent;Commande rejetée;461 ERR_NEEDMOREPARAMS;P0;;
TC043;Connexion;USER;PASS accepté;USER bob 0 * :Bob The Builder\r\n;Realname avec espaces;Accepté;OK;P0;;
TC044;Connexion;USER;PASS accepté;USER bob 0 * :\r\n;Realname vide;Comportement conforme parser;Selon protocole;P1;;
TC045;Connexion;USER;PASS accepté;USER bob 0 * Bob Builder\r\n;Realname sans ':';Parser ne doit pas fusionner incorrectement;Erreur ou traitement conforme;P1;;
TC046;Connexion;USER;PASS accepté;USER bob x * :Bob\r\n;Username avec user mode invalide;Parsing correct;Selon protocole;P2;;
TC047;Connexion;Registration;Client connecté;PASS + NICK + USER;Effectuer enregistrement complet;Client devient pleinement enregistré;Welcome numerics 001+ selon implémentation;P0;;
TC048;Connexion;Registration;Client connecté;NICK + USER sans PASS;Ne pas fournir PASS;Client reste non enregistré;Erreur/absence de welcome;P0;;
TC049;Connexion;Registration;Client connecté;PASS + USER sans NICK;Oublier NICK;Client non enregistré;431/absence de welcome;P0;;
TC050;Connexion;Registration;Client connecté;PASS + NICK sans USER;Oublier USER;Client non enregistré;461/absence de welcome;P0;;
TC051;Connexion;Registration;Client connecté;PASS + NICK + USER dans même paquet;Envoyer toutes les commandes ensemble;Enregistrement réussi;001 etc.;P0;;
TC052;Connexion;Registration;Client connecté;USER + NICK + PASS;Ordre inversé;Serveur gère correctement l'état;Welcome après PASS;P1;;
TC053;Connexion;Registration;Client enregistré;NICK autre\r\nUSER autre 0 * :Other\r\n;Réexécuter USER;USER supplémentaire refusé;462 ERR_ALREADYREGISTERED;P1;;
TC054;Connexion;Registration;Client enregistré;PASS password\r\n;PASS après registration;État cohérent;462 ou comportement conforme;P1;;
TC055;Connexion;Registration;Client non enregistré;JOIN #test\r\n;JOIN avant registration;Commande refusée;451 ERR_NOTREGISTERED;P0;;
TC056;Connexion;Registration;Client non enregistré;PRIVMSG bob :hello\r\n;PRIVMSG avant registration;Commande refusée;451 ERR_NOTREGISTERED;P0;;
TC057;Connexion;Registration;Client non enregistré;MODE bob\r\n;MODE avant registration;Pas de crash;451/erreur appropriée;P1;;
TC058;Connexion;PING;Client enregistré;PING :hello\r\n;Envoyer ping;Serveur répond pong;PONG;P0;;
TC059;Connexion;PING;Client enregistré;PING\r\n;PING sans argument;Réponse conforme;PONG ou 461 selon protocole;P1;;
TC060;Connexion;PING;Client enregistré;PING a b\r\n;PING avec deux paramètres;Parser correctement;PONG/erreur appropriée;P2;;
TC061;Connexion;PONG;Client enregistré;PONG :hello\r\n;Envoyer PONG;Pas de crash;Aucune réponse nécessaire;P2;;
TC062;Connexion;QUIT;Client enregistré;QUIT\r\n;Quitter;Connexion fermée proprement;Déconnexion;P0;;
TC063;Connexion;QUIT;Client enregistré;QUIT :Goodbye\r\n;Quitter avec message;Clients concernés reçoivent QUIT;QUIT broadcast;P0;;
TC064;Connexion;QUIT;Client enregistré;QUIT goodbye now\r\n;Quit avec plusieurs paramètres;Parsing robuste;Déconnexion;P1;;
TC065;Connexion;QUIT;Client enregistré;QUIT\r\nQUIT\r\n;QUIT deux fois;Pas de double-free/crash;Connexion fermée proprement;P0;;
TC066;Connexion;QUIT;Client enregistré;Fermer brutalement socket;Déconnexion TCP sans QUIT;Serveur nettoie client;Pas de crash;P0;;
TC067;Channels;JOIN;Client enregistré;JOIN #test\r\n;Rejoindre channel inexistant;Channel créé et client rejoint;JOIN/broadcast approprié;P0;;
TC068;Channels;JOIN;Client enregistré;JOIN test\r\n;JOIN sans #;Selon règles channel;Erreur ou refus;P1;;
TC069;Channels;JOIN;Client enregistré;JOIN #test\r\nJOIN #test\r\n;Rejoindre deux fois;Pas de doublon dans membres;Erreur ou confirmation appropriée;P0;;
TC070;Channels;JOIN;Client enregistré;JOIN #test,#foo\r\n;Rejoindre plusieurs channels;Les deux sont rejoints;JOIN pour chaque;P0;;
TC071;Channels;JOIN;Client enregistré;JOIN #test,#foo key1,key2\r\n;JOIN multiple avec clés;Chaque clé associée correctement;JOIN ou erreurs appropriées;P1;;
TC072;Channels;JOIN;Client enregistré;JOIN\r\n;JOIN sans paramètre;Commande rejetée;461 ERR_NEEDMOREPARAMS;P0;;
TC073;Channels;JOIN;Client enregistré;JOIN #\r\n;Channel name minimal;Selon règles;Accepté ou refusé;P1;;
TC074;Channels;JOIN;Client enregistré;JOIN #test\r\n;Channel avec caractères valides;Rejoint;JOIN;P0;;
TC075;Channels;JOIN;Client enregistré;JOIN ##test\r\n;Channel commençant par ##;Selon parser;Erreur ou création selon règles;P1;;
TC076;Channels;JOIN;Client enregistré;JOIN #test!@$\r\n;Caractères spéciaux dans channel;Refusé si invalides;403 ERR_NOSUCHCHANNEL;P1;;
TC077;Channels;JOIN;Client enregistré;JOIN #test with spaces\r\n;Espaces dans channel;Parser robuste;Erreur appropriée;P0;;
TC078;Channels;JOIN;Client enregistré;JOIN #test :message\r\n;Trailing parameter inattendu;Pas de crash;Erreur ou ignore;P1;;
TC079;Channels;JOIN;Client enregistré;JOIN #test,#test\r\n;Même channel plusieurs fois dans une commande;Pas de doublon;JOIN une seule fois ou comportement cohérent;P1;;
TC080;Channels;JOIN;Client enregistré;JOIN #a,#b,#c,...;Nombre de channels élevé;Serveur reste stable;Réponses correctes;P1;;
TC081;Channels;PART;Client dans #test;PART #test\r\n;Quitter channel;Client retiré;PART broadcast;P0;;
TC082;Channels;PART;Client dans #test;PART\r\n;PART sans channel;Commande rejetée;461 ERR_NEEDMOREPARAMS;P0;;
TC083;Channels;PART;Client dans #test;PART #unknown\r\n;PART channel non rejoint;Erreur;442 ERR_NOTONCHANNEL;P0;;
TC084;Channels;PART;Client dans #test;PART #test :bye\r\n;PART avec message;Message transmis;PART :bye;P1;;
TC085;Channels;PART;Client dans #test;PART #test extra\r\n;Paramètre supplémentaire;Parsing robuste;Erreur/comportement conforme;P1;;
TC086;Channels;PART;Client dans #a,#b;PART #a,#b\r\n;Quitter plusieurs channels;Les deux quittés;PART pour chacun;P0;;
TC087;Channels;TOPIC;Client opérateur dans #test;TOPIC #test :Hello\r\n;Définir topic;Topic modifié;TOPIC broadcast;P0;;
TC088;Channels;TOPIC;Client opérateur dans #test;TOPIC #test\r\n;Lire topic;Serveur retourne topic;332 RPL_TOPIC ou 331;P0;;
TC089;Channels;TOPIC;Client non membre;TOPIC #test :Hello\r\n;Modifier topic sans être membre;Refusé;442 ou 482;P0;;
TC090;Channels;TOPIC;Client dans channel +t;TOPIC #test :Hello\r\n;Non-op tente modifier topic;Refusé;482 ERR_CHANOPRIVSNEEDED;P0;;
TC091;Channels;TOPIC;Client op +t;TOPIC #test :Hello\r\n;Op modifie topic;Réussi;TOPIC broadcast;P0;;
TC092;Channels;TOPIC;Client op;TOPIC #test :\r\n;Effacer topic;Topic vide;TOPIC broadcast;P1;;
TC093;Channels;TOPIC;Client dans channel;TOPIC #test :Hello world IRC\r\n;Topic avec espaces;Topic exact conservé;TOPIC :Hello world IRC;P0;;
TC094;Channels;PRIVMSG;Deux clients dans #test;PRIVMSG #test :hello\r\n;Envoyer message channel;Tous les autres membres reçoivent;PRIVMSG #test :hello;P0;;
TC095;Channels;PRIVMSG;Deux clients dans #test;PRIVMSG #test hello\r\n;Message sans ':';Message simple correctement parsé;PRIVMSG #test :hello;P0;;
TC096;Channels;PRIVMSG;Deux clients dans #test;PRIVMSG #test :hello world\r\n;Message avec espaces;Message exact;PRIVMSG :hello world;P0;;
TC097;Channels;PRIVMSG;Client enregistré;PRIVMSG bob :hello\r\n;Message privé;Bob reçoit uniquement le message;PRIVMSG bob :hello;P0;;
TC098;Channels;PRIVMSG;Client enregistré;PRIVMSG unknown :hello\r\n;Destinataire inexistant;Erreur;401 ERR_NOSUCHNICK;P0;;
TC099;Channels;PRIVMSG;Client enregistré;PRIVMSG\r\n;PRIVMSG sans cible;Commande rejetée;411 ERR_NORECIPIENT;P0;;
TC100;Channels;PRIVMSG;Client enregistré;PRIVMSG bob\r\n;Cible sans message;Commande rejetée;412 ERR_NOTEXTTOSEND;P0;;
TC101;Channels;PRIVMSG;Client enregistré;PRIVMSG #unknown :hello\r\n;Channel inexistant;Erreur;403 ERR_NOSUCHCHANNEL;P0;;
TC102;Channels;PRIVMSG;Client hors #test;PRIVMSG #test :hello\r\n;Envoyer à channel sans être membre;Selon mode channel;Cannot send or error;P0;;
TC103;Channels;PRIVMSG;Client enregistré;PRIVMSG bob :\r\n;Message vide;Comportement conforme;Selon protocole;P1;;
TC104;Channels;PRIVMSG;Deux clients;PRIVMSG bob :hello\r\n;Expéditeur ne doit pas recevoir son propre message;Vérifier uniquement destinataire;Bob reçoit;P0;;
TC105;Channels;PRIVMSG;Client A dans #test, B hors channel;PRIVMSG #test :hello\r\n;A envoie;B ne reçoit rien;Broadcast limité au channel;P0;;
TC106;Channels;PRIVMSG;Client dans plusieurs channels;PRIVMSG #test :hello\r\n;Message channel;Seuls membres du channel reçoivent;Broadcast correct;P0;;
TC107;Channels;NOTICE;Client enregistré;NOTICE bob :hello\r\n;Envoyer NOTICE;Bob reçoit;NOTICE;P1;;
TC108;Channels;NOTICE;Client enregistré;NOTICE unknown :hello\r\n;NOTICE destinataire inexistant;Pas de réponse d'erreur selon convention IRC;Pas de numeric;P1;;
TC109;Channels;KICK;Client op + membre cible;KICK #test bob\r\n;Expulser membre;Bob est retiré;KICK broadcast;P0;;
TC110;Channels;KICK;Client non-op;KICK #test bob\r\n;Non-op tente kick;Refusé;482 ERR_CHANOPRIVSNEEDED;P0;;
TC111;Channels;KICK;Client op;KICK #test\r\n;KICK sans cible;Commande rejetée;461 ERR_NEEDMOREPARAMS;P0;;
TC112;Channels;KICK;Client op;KICK #test unknown\r\n;Kick utilisateur absent;Erreur appropriée;441 ERR_USERNOTINCHANNEL;P0;;
TC113;Channels;KICK;Client op;KICK #unknown bob\r\n;Kick channel inexistant;Erreur;403;P0;;
TC114;Channels;KICK;Client op;KICK #test bob :reason here\r\n;Kick avec raison;Bob reçoit raison;KICK :reason here;P0;;
TC115;Channels;INVITE;Client op;INVITE bob #test\r\n;Inviter utilisateur;Invitation enregistrée;341 RPL_INVITING;P0;;
TC116;Channels;INVITE;Client non-op;INVITE bob #test\r\n;Non-op invite;Selon mode i;Refusé si permissions nécessaires;P0;;
TC117;Channels;INVITE;Client op;INVITE unknown #test\r\n;Inviter utilisateur inexistant;Erreur;401;P0;;
TC118;Channels;INVITE;Client op;INVITE bob\r\n;INVITE sans channel;Commande rejetée;461;P1;;
TC119;Channels;INVITE;Client op;INVITE bob #unknown\r\n;Invitation channel inexistant;Erreur;403;P1;;
TC120;Channels;MODE;Client op dans #test;MODE #test\r\n;Lire modes channel;Serveur retourne modes actuels;324 R